x,y,theta,v,a,-intake,~roller,
0.5540640352863172,0.2038228263738423,0.6315917178038114,0.05021498659099821,0.3894425643243654,true,0.8743464513581594,
0.9026791037310632,0.5603873785906052,0.11932531518461187,0.0987214399252192,0.5815199862648419,true,0.17553391135177865,
0.09712893848056825,0.3260086049329034,0.738695881424116,0.31675418331473626,0.6112031140339332,false,0.7491638847894554,
0.7121056118133775,0.2387565701109059,0.5617979835116305,0.9798092196203927,0.786623408590973,false,0.7794682885152499,
0.19517198790194823,0.13473087549378482,0.6465915538431961,0.36127388817104356,0.4194509786391426,false,0.6004878800915555,
