x, y, theta, v, a, -intake, ~roller,
0.8202213739397708, 0.6294327333443606, 0.47353682337657, 0.770192244604804, 0.18159379200448234, false, 0.9866837571424356, 
0.8189508306311346, 0.5101991666862642, 0.885511435332691, 0.1701939237040887, 0.7396051897912479, false, 0.14068082737399867, 
0.9872221360948683, 0.2948215222760504, 0.13770964625789184, 0.2634175188167369, 0.9848097379389819, false, 0.19674100760870428, 
0.3950515283681397, 0.6438444272600813, 0.869001390319323, 0.2823232149816741, 0.47468600209742573, false, 0.9200785717689837, 
0.7831546572022826, 0.6480671290069028, 0.5923494113255064, 0.464025134399082, 0.17597513961187217, false, 0.9310364210192654, 
0.9661529051744534, 0.9030953723310929, 0.05494706914824232, 0.8888249733064348, 0.3747764932620534, false, 0.552211787398329, 
